{
  "final_z": 0.382542,
  "qpos_abs_sum": 1.498215,
  "qpos_sum": 1.498215,
  "reward_sum": 266.290164
}
