{
  "final_x": 0.092804,
  "final_z": 0.379532,
  "qpos_abs_sum": 2.551125,
  "qpos_sum": 2.251827,
  "reward_sum": 448.113118
}
