{
  "final_z": 0.287962,
  "qpos_abs_sum": 7.039901,
  "qpos_sum": -3.811897,
  "reward_sum": 28.496159
}
